genome	number of scaffolds	tRNA count
NZ_CP034445_1_Mesorhizobium_sp__M2A.F.Ca.ET.043.02.1.1_chromosome__complete_genome_fragment_35	1	0
NZ_CP034445_1_Mesorhizobium_sp__M2A.F.Ca.ET.043.02.1.1_chromosome__complete_genome_fragment_9	1	0
NZ_CP034446_1_Mesorhizobium_sp__M2A.F.Ca.ET.043.05.1.1_chromosome__complete_genome_fragment_23	1	0
NZ_CP034447_1_Mesorhizobium_sp__M1E.F.Ca.ET.045.02.1.1_chromosome__complete_genome_fragment_57	1	0
NZ_CP034448_1_Mesorhizobium_sp__M1B.F.Ca.ET.045.04.1.1_chromosome__complete_genome_fragment_29	1	0
NZ_CP034448_1_Mesorhizobium_sp__M1B.F.Ca.ET.045.04.1.1_chromosome__complete_genome_fragment_38	1	2
NZ_CP034448_1_Mesorhizobium_sp__M1B.F.Ca.ET.045.04.1.1_chromosome__complete_genome_fragment_82	1	0
NZ_CP034449_1_Mesorhizobium_sp__M2A.F.Ca.ET.046.03.2.1_chromosome__complete_genome_fragment_71	1	1
NZ_CP034450_1_Mesorhizobium_sp__M4B.F.Ca.ET.058.02.1.1_chromosome_fragment_12	1	1
NZ_CP034450_1_Mesorhizobium_sp__M4B.F.Ca.ET.058.02.1.1_chromosome_fragment_20	1	0
NZ_CP034450_1_Mesorhizobium_sp__M4B.F.Ca.ET.058.02.1.1_chromosome_fragment_24	1	0
NZ_CP034450_1_Mesorhizobium_sp__M4B.F.Ca.ET.058.02.1.1_chromosome_fragment_67	1	0
NZ_CP034450_1_Mesorhizobium_sp__M4B.F.Ca.ET.058.02.1.1_chromosome_fragment_9	1	1
NZ_CP034451_1_Mesorhizobium_sp__M3A.F.Ca.ET.080.04.2.1_chromosome__complete_genome_fragment_66	1	1
NZ_CP034452_1_Mesorhizobium_sp__M6A.T.Cr.TU.016.01.1.1_chromosome_fragment_52	1	0
NZ_CP034453_1_Mesorhizobium_sp__M7D.F.Ca.US.005.01.1.1_chromosome_fragment_77	1	0
NZ_CP034454_1_Mesorhizobium_sp__M8A.F.Ca.ET.057.01.1.1_chromosome_fragment_43	1	1
NZ_CP034454_1_Mesorhizobium_sp__M8A.F.Ca.ET.057.01.1.1_chromosome_fragment_71	1	1
NZ_CP034455_1_Mesorhizobium_sp__M1A.F.Ca.IN.022.06.1.1_chromosome_fragment_47	1	2
NZ_CP034455_1_Mesorhizobium_sp__M1A.F.Ca.IN.022.06.1.1_chromosome_fragment_66	1	1
NZ_CP034779_1_Mesorhizobium_sp__M7A.F.Ce.TU.012.03.2.1_chromosome_fragment_47	1	0
NZ_RZOF01000006_1_Mesorhizobium_sp__M4B.F.Ca.ET.017.02.2.1_NODE_6_length_49490_cov_3.90762__whole_genome_shotgun_sequence_fragment_1	1	1
NZ_RZOF01000169_1_Mesorhizobium_sp__M4B.F.Ca.ET.017.02.2.1_NODE_169_length_13015_cov_4.06355__whole_genome_shotgun_sequence	1	0
NZ_RZOF01000367_1_Mesorhizobium_sp__M4B.F.Ca.ET.017.02.2.1_NODE_367_length_6142_cov_3.7744__whole_genome_shotgun_sequence	1	0
NZ_RZOF01000437_1_Mesorhizobium_sp__M4B.F.Ca.ET.017.02.2.1_NODE_437_length_4518_cov_3.51332__whole_genome_shotgun_sequence	1	0
NZ_RZOF01000440_1_Mesorhizobium_sp__M4B.F.Ca.ET.017.02.2.1_NODE_440_length_4479_cov_5.67624__whole_genome_shotgun_sequence	1	0
NZ_RZOH01000185_1_Mesorhizobium_sp__M4B.F.Ca.ET.019.03.1.1_NODE_185_length_10682_cov_3.20587__whole_genome_shotgun_sequence	1	0
NZ_RZOH01000380_1_Mesorhizobium_sp__M4B.F.Ca.ET.019.03.1.1_NODE_380_length_6031_cov_2.72459__whole_genome_shotgun_sequence	1	0
NZ_RZOH01000465_1_Mesorhizobium_sp__M4B.F.Ca.ET.019.03.1.1_NODE_465_length_4839_cov_2.89788__whole_genome_shotgun_sequence	1	0
NZ_RZOH01000493_1_Mesorhizobium_sp__M4B.F.Ca.ET.019.03.1.1_NODE_493_length_4452_cov_2.44994__whole_genome_shotgun_sequence	1	0
NZ_RZOI01000004_1_Mesorhizobium_sp__M4A.F.Ca.ET.020.02.1.1_NODE_4_length_34314_cov_4.29517__whole_genome_shotgun_sequence	1	1
NZ_RZOI01000009_1_Mesorhizobium_sp__M4A.F.Ca.ET.020.02.1.1_NODE_9_length_28274_cov_3.25846__whole_genome_shotgun_sequence	1	0
NZ_RZOI01000019_1_Mesorhizobium_sp__M4A.F.Ca.ET.020.02.1.1_NODE_19_length_22796_cov_3.51731__whole_genome_shotgun_sequence	1	0
NZ_RZOI01000056_1_Mesorhizobium_sp__M4A.F.Ca.ET.020.02.1.1_NODE_56_length_16673_cov_3.29228__whole_genome_shotgun_sequence	1	0
NZ_RZOI01000262_1_Mesorhizobium_sp__M4A.F.Ca.ET.020.02.1.1_NODE_262_length_7454_cov_4.01215__whole_genome_shotgun_sequence	1	0
NZ_RZOI01000478_1_Mesorhizobium_sp__M4A.F.Ca.ET.020.02.1.1_NODE_478_length_4843_cov_2.75466__whole_genome_shotgun_sequence	1	1
NZ_RZOI01000697_1_Mesorhizobium_sp__M4A.F.Ca.ET.020.02.1.1_NODE_697_length_3151_cov_3.21362__whole_genome_shotgun_sequence	1	0
NZ_RZOI01000776_1_Mesorhizobium_sp__M4A.F.Ca.ET.020.02.1.1_NODE_776_length_2730_cov_2.62582__whole_genome_shotgun_sequence	1	0
NZ_RZOJ01000099_1_Mesorhizobium_sp__M4A.F.Ca.ET.022.05.2.1_NODE_99_length_16570_cov_3.2353__whole_genome_shotgun_sequence	1	0
NZ_RZOJ01000173_1_Mesorhizobium_sp__M4A.F.Ca.ET.022.05.2.1_NODE_173_length_11447_cov_3.27686__whole_genome_shotgun_sequence	1	1
NZ_RZOJ01000329_1_Mesorhizobium_sp__M4A.F.Ca.ET.022.05.2.1_NODE_329_length_6677_cov_2.26427__whole_genome_shotgun_sequence	1	0
NZ_RZOJ01000344_1_Mesorhizobium_sp__M4A.F.Ca.ET.022.05.2.1_NODE_344_length_6474_cov_2.83094__whole_genome_shotgun_sequence	1	0
NZ_RZOJ01000368_1_Mesorhizobium_sp__M4A.F.Ca.ET.022.05.2.1_NODE_368_length_6018_cov_2.76269__whole_genome_shotgun_sequence	1	0
NZ_RZOJ01000384_1_Mesorhizobium_sp__M4A.F.Ca.ET.022.05.2.1_NODE_384_length_5735_cov_2.48288__whole_genome_shotgun_sequence	1	0
NZ_RZOJ01000602_1_Mesorhizobium_sp__M4A.F.Ca.ET.022.05.2.1_NODE_602_length_2559_cov_2.37336__whole_genome_shotgun_sequence	1	0
NZ_RZOL01000024_1_Mesorhizobium_sp__M7A.F.Ca.ET.027.02.1.1_NODE_24_length_31718_cov_2.98984__whole_genome_shotgun_sequence_fragment_1	1	1
NZ_RZOL01000069_1_Mesorhizobium_sp__M7A.F.Ca.ET.027.02.1.1_NODE_69_length_20383_cov_3.13793__whole_genome_shotgun_sequence	1	1
NZ_RZOL01000130_1_Mesorhizobium_sp__M7A.F.Ca.ET.027.02.1.1_NODE_130_length_15021_cov_4.60555__whole_genome_shotgun_sequence	1	0
NZ_RZOL01000132_1_Mesorhizobium_sp__M7A.F.Ca.ET.027.02.1.1_NODE_132_length_14804_cov_2.87313__whole_genome_shotgun_sequence	1	0
NZ_RZOL01000188_1_Mesorhizobium_sp__M7A.F.Ca.ET.027.02.1.1_NODE_188_length_11580_cov_3.02279__whole_genome_shotgun_sequence	1	0
NZ_RZOL01000191_1_Mesorhizobium_sp__M7A.F.Ca.ET.027.02.1.1_NODE_191_length_11482_cov_3.04315__whole_genome_shotgun_sequence	1	0
NZ_RZOL01000211_1_Mesorhizobium_sp__M7A.F.Ca.ET.027.02.1.1_NODE_211_length_10369_cov_3.29164__whole_genome_shotgun_sequence	1	1
NZ_RZOL01000221_1_Mesorhizobium_sp__M7A.F.Ca.ET.027.02.1.1_NODE_221_length_10017_cov_2.88332__whole_genome_shotgun_sequence	1	0
NZ_RZOL01000238_1_Mesorhizobium_sp__M7A.F.Ca.ET.027.02.1.1_NODE_238_length_9583_cov_3.3475__whole_genome_shotgun_sequence	1	0
NZ_RZOL01000282_1_Mesorhizobium_sp__M7A.F.Ca.ET.027.02.1.1_NODE_282_length_7858_cov_2.91657__whole_genome_shotgun_sequence	1	0
NZ_RZOL01000381_1_Mesorhizobium_sp__M7A.F.Ca.ET.027.02.1.1_NODE_381_length_5893_cov_1.5418__whole_genome_shotgun_sequence	1	0
NZ_RZOL01000506_1_Mesorhizobium_sp__M7A.F.Ca.ET.027.02.1.1_NODE_506_length_3907_cov_2.52831__whole_genome_shotgun_sequence	1	0
NZ_RZOL01000576_1_Mesorhizobium_sp__M7A.F.Ca.ET.027.02.1.1_NODE_576_length_2960_cov_2.03283__whole_genome_shotgun_sequence	1	0
NZ_RZOM01000017_1_Mesorhizobium_sp__M7A.F.Ca.ET.027.03.2.1_NODE_17_length_17329_cov_2.65434__whole_genome_shotgun_sequence	1	0
NZ_RZOM01000041_1_Mesorhizobium_sp__M7A.F.Ca.ET.027.03.2.1_NODE_41_length_12929_cov_2.56975__whole_genome_shotgun_sequence	1	0
NZ_RZOM01000140_1_Mesorhizobium_sp__M7A.F.Ca.ET.027.03.2.1_NODE_140_length_8685_cov_2.45326__whole_genome_shotgun_sequence	1	0
NZ_RZOM01000192_1_Mesorhizobium_sp__M7A.F.Ca.ET.027.03.2.1_NODE_192_length_7333_cov_2.87857__whole_genome_shotgun_sequence	1	0
NZ_RZOM01000262_1_Mesorhizobium_sp__M7A.F.Ca.ET.027.03.2.1_NODE_262_length_6387_cov_2.23466__whole_genome_shotgun_sequence	1	0
NZ_RZOM01000276_1_Mesorhizobium_sp__M7A.F.Ca.ET.027.03.2.1_NODE_276_length_6265_cov_2.57559__whole_genome_shotgun_sequence	1	1
NZ_RZOM01000450_1_Mesorhizobium_sp__M7A.F.Ca.ET.027.03.2.1_NODE_450_length_4707_cov_1.91572__whole_genome_shotgun_sequence	1	0
NZ_RZOM01000564_1_Mesorhizobium_sp__M7A.F.Ca.ET.027.03.2.1_NODE_564_length_3978_cov_1.7115__whole_genome_shotgun_sequence	1	0
NZ_RZOO01000007_1_Mesorhizobium_sp__M2A.F.Ca.ET.029.05.1.1_NODE_7_length_38345_cov_3.48371__whole_genome_shotgun_sequence_fragment_1	1	1
NZ_RZOO01000123_1_Mesorhizobium_sp__M2A.F.Ca.ET.029.05.1.1_NODE_123_length_13413_cov_2.95401__whole_genome_shotgun_sequence_fragment_1	1	0
NZ_RZOO01000164_1_Mesorhizobium_sp__M2A.F.Ca.ET.029.05.1.1_NODE_164_length_11072_cov_3.30005__whole_genome_shotgun_sequence	1	0
NZ_RZOO01000304_1_Mesorhizobium_sp__M2A.F.Ca.ET.029.05.1.1_NODE_304_length_7357_cov_2.51452__whole_genome_shotgun_sequence	1	0
NZ_RZOO01000380_1_Mesorhizobium_sp__M2A.F.Ca.ET.029.05.1.1_NODE_380_length_5774_cov_3.04126__whole_genome_shotgun_sequence	1	0
NZ_RZOO01000616_1_Mesorhizobium_sp__M2A.F.Ca.ET.029.05.1.1_NODE_616_length_3112_cov_1.99263__whole_genome_shotgun_sequence	1	0
NZ_RZOS01000017_1_Mesorhizobium_sp__M4B.F.Ca.ET.089.01.1.1_NODE_17_length_33493_cov_3.01726__whole_genome_shotgun_sequence	1	0
NZ_RZOS01000050_1_Mesorhizobium_sp__M4B.F.Ca.ET.089.01.1.1_NODE_50_length_22407_cov_3.22522__whole_genome_shotgun_sequence	1	0
NZ_RZOS01000235_1_Mesorhizobium_sp__M4B.F.Ca.ET.089.01.1.1_NODE_235_length_8890_cov_3.46468__whole_genome_shotgun_sequence	1	0
NZ_RZOS01000316_1_Mesorhizobium_sp__M4B.F.Ca.ET.089.01.1.1_NODE_316_length_6812_cov_3.48661__whole_genome_shotgun_sequence	1	0
NZ_RZOS01000458_1_Mesorhizobium_sp__M4B.F.Ca.ET.089.01.1.1_NODE_458_length_4322_cov_2.40572__whole_genome_shotgun_sequence	1	0
NZ_RZOS01000625_1_Mesorhizobium_sp__M4B.F.Ca.ET.089.01.1.1_NODE_625_length_2629_cov_3.20144__whole_genome_shotgun_sequence	1	0
NZ_RZOT01000001_1_Mesorhizobium_sp__M4A.F.Ca.ET.090.04.2.1_NODE_1_length_64721_cov_7.88905__whole_genome_shotgun_sequence	1	1
NZ_RZOT01000121_1_Mesorhizobium_sp__M4A.F.Ca.ET.090.04.2.1_NODE_121_length_12208_cov_3.17896__whole_genome_shotgun_sequence	1	0
NZ_RZOT01000247_1_Mesorhizobium_sp__M4A.F.Ca.ET.090.04.2.1_NODE_247_length_8508_cov_3.82747__whole_genome_shotgun_sequence	1	0
NZ_RZOT01000319_1_Mesorhizobium_sp__M4A.F.Ca.ET.090.04.2.1_NODE_319_length_6951_cov_2.35273__whole_genome_shotgun_sequence	1	0
NZ_RZOT01000332_1_Mesorhizobium_sp__M4A.F.Ca.ET.090.04.2.1_NODE_332_length_6744_cov_3.00212__whole_genome_shotgun_sequence	1	0
NZ_RZOT01000600_1_Mesorhizobium_sp__M4A.F.Ca.ET.090.04.2.1_NODE_600_length_3465_cov_4.25554__whole_genome_shotgun_sequence	1	0
NZ_RZOU01000005_1_Mesorhizobium_sp__M2D.F.Ca.ET.140.01.1.1_NODE_5_length_396500_cov_69.2488__whole_genome_shotgun_sequence_fragment_3	1	0
NZ_RZOV02000005_1_Mesorhizobium_sp__M2D.F.Ca.ET.148.01.1.1_NODE_5_length_482054_cov_12.7999__whole_genome_shotgun_sequence_fragment_5	1	0
NZ_RZOV02000010_1_Mesorhizobium_sp__M2D.F.Ca.ET.148.01.1.1_NODE_10_length_264985_cov_13.9561__whole_genome_shotgun_sequence_fragment_2	1	0
NZ_RZOW02000002_1_Mesorhizobium_sp__M1D.F.Ca.ET.183.01.1.1_NODE_2_length_647585_cov_14.6862__whole_genome_shotgun_sequence_fragment_3	1	0
NZ_RZOZ02000001_1_Mesorhizobium_sp__M1D.F.Ca.ET.231.01.1.1_NODE_1_length_1282470_cov_24.0619__whole_genome_shotgun_sequence_fragment_13	1	0
NZ_RZPA02000005_1_Mesorhizobium_sp__M2D.F.Ca.ET.232.01.1.1_NODE_5_length_425132_cov_25.0988__whole_genome_shotgun_sequence_fragment_1	1	0
NZ_RZPA02000024_1_Mesorhizobium_sp__M2D.F.Ca.ET.232.01.1.1_NODE_24_length_77268_cov_24.6671__whole_genome_shotgun_sequence_fragment_3	1	0
NZ_RZPA02000030_1_Mesorhizobium_sp__M2D.F.Ca.ET.232.01.1.1_NODE_30_length_63633_cov_4.01069__whole_genome_shotgun_sequence	1	1
NZ_RZPA02000039_1_Mesorhizobium_sp__M2D.F.Ca.ET.232.01.1.1_NODE_39_length_15416_cov_3.45346__whole_genome_shotgun_sequence	1	2
NZ_RZPA02000042_1_Mesorhizobium_sp__M2D.F.Ca.ET.232.01.1.1_NODE_42_length_9393_cov_35.7433__whole_genome_shotgun_sequence	1	0
NZ_RZPA02000046_1_Mesorhizobium_sp__M2D.F.Ca.ET.232.01.1.1_NODE_46_length_6047_cov_35.1299__whole_genome_shotgun_sequence	1	0
NZ_RZPB01000730_1_Mesorhizobium_sp__M7A.F.Ca.AU.002.02.1.1_NODE_730_length_3005_cov_2.01355__whole_genome_shotgun_sequence	1	0
NZ_RZPC01000123_1_Mesorhizobium_sp__M7A.F.Ca.AU.002.03.1.1_NODE_122_length_7849_cov_4.76282__whole_genome_shotgun_sequence	1	0
NZ_RZPD01000004_1_Mesorhizobium_sp__M7A.F.Ca.AU.002.04.1.1_NODE_4_length_241528_cov_5.43579__whole_genome_shotgun_sequence_fragment_1	1	2
NZ_RZPD01000099_1_Mesorhizobium_sp__M7A.F.Ca.AU.002.04.1.1_NODE_99_length_16476_cov_4.23842__whole_genome_shotgun_sequence_fragment_1	1	0
NZ_RZPE01000257_1_Mesorhizobium_sp__M7A.F.Ca.AU.002.06.1.1_NODE_257_length_8166_cov_3.27603__whole_genome_shotgun_sequence	1	0
NZ_RZPE01000291_1_Mesorhizobium_sp__M7A.F.Ca.AU.002.06.1.1_NODE_291_length_7008_cov_3.00276__whole_genome_shotgun_sequence	1	0
NZ_RZPE01000292_1_Mesorhizobium_sp__M7A.F.Ca.AU.002.06.1.1_NODE_292_length_6981_cov_3.87686__whole_genome_shotgun_sequence	1	0
NZ_RZPF01000355_1_Mesorhizobium_sp__M7A.F.Ca.AU.001.01.1.1_NODE_354_length_6462_cov_2.50481__whole_genome_shotgun_sequence	1	0
NZ_RZPF01000411_1_Mesorhizobium_sp__M7A.F.Ca.AU.001.01.1.1_NODE_410_length_5843_cov_2.22078__whole_genome_shotgun_sequence	1	0
NZ_RZPH01000027_1_Mesorhizobium_sp__M7A.F.Ca.CA.004.04.2.1_NODE_27_length_15971_cov_3.01767__whole_genome_shotgun_sequence	1	1
NZ_RZPH01000825_1_Mesorhizobium_sp__M7A.F.Ca.CA.004.04.2.1_NODE_824_length_2760_cov_2.49753__whole_genome_shotgun_sequence	1	0
NZ_RZPK01000153_1_Mesorhizobium_sp__M7A.F.Ca.CA.002.03.2.1_NODE_153_length_10615_cov_3.08524__whole_genome_shotgun_sequence	1	0
NZ_RZPL01000289_1_Mesorhizobium_sp__M7A.F.Ca.CA.002.04.1.1_NODE_289_length_6528_cov_2.15498__whole_genome_shotgun_sequence	1	0
NZ_RZPM01000306_1_Mesorhizobium_sp__M7A.F.Ca.CA.001.06.1.1_NODE_305_length_7554_cov_3.60576__whole_genome_shotgun_sequence	1	0
NZ_RZPN01000327_1_Mesorhizobium_sp__M7A.F.Ca.CA.001.16.1.1_NODE_327_length_6263_cov_4.2117__whole_genome_shotgun_sequence	1	0
NZ_RZPN01000460_1_Mesorhizobium_sp__M7A.F.Ca.CA.001.16.1.1_NODE_460_length_3927_cov_2.47553__whole_genome_shotgun_sequence	1	0
NZ_RZPP01000396_1_Mesorhizobium_sp__M7A.F.Ca.CA.002.10.1.1_NODE_396_length_5361_cov_3.52961__whole_genome_shotgun_sequence	1	0
NZ_RZPQ01000629_1_Mesorhizobium_sp__M7A.F.Ca.CA.004.06.1.1_NODE_629_length_3495_cov_3.0867__whole_genome_shotgun_sequence	1	0
NZ_RZPR01000016_1_Mesorhizobium_sp__M7A.F.Ca.CA.004.06.2.1_NODE_16_length_61613_cov_4.50675__whole_genome_shotgun_sequence_fragment_1	1	2
NZ_RZPR01000064_1_Mesorhizobium_sp__M7A.F.Ca.CA.004.06.2.1_NODE_64_length_35569_cov_4.41561__whole_genome_shotgun_sequence_fragment_1	1	0
NZ_RZPR01000186_1_Mesorhizobium_sp__M7A.F.Ca.CA.004.06.2.1_NODE_186_length_11476_cov_3.56243__whole_genome_shotgun_sequence	1	0
NZ_RZPT01000509_1_Mesorhizobium_sp__M7A.F.Ca.CA.004.01.1.1_NODE_509_length_4098_cov_1.80055__whole_genome_shotgun_sequence	1	0
NZ_RZPU01000009_1_Mesorhizobium_sp__M7A.F.Ca.CA.004.02.1.1_NODE_9_length_43211_cov_3.77883__whole_genome_shotgun_sequence	1	1
NZ_RZPU01000071_1_Mesorhizobium_sp__M7A.F.Ca.CA.004.02.1.1_NODE_71_length_19238_cov_3.50128__whole_genome_shotgun_sequence	1	0
NZ_RZPV01000245_1_Mesorhizobium_sp__M7A.F.Ca.CA.001.08.1.1_NODE_245_length_8980_cov_2.905__whole_genome_shotgun_sequence	1	0
NZ_RZPV01000428_1_Mesorhizobium_sp__M7A.F.Ca.CA.001.08.1.1_NODE_428_length_5129_cov_3.22091__whole_genome_shotgun_sequence	1	0
NZ_RZPW01000392_1_Mesorhizobium_sp__M7A.F.Ca.CA.001.08.2.1_NODE_392_length_5757_cov_3.59094__whole_genome_shotgun_sequence	1	0
NZ_RZPW01000625_1_Mesorhizobium_sp__M7A.F.Ca.CA.001.08.2.1_NODE_625_length_3823_cov_2.24297__whole_genome_shotgun_sequence	1	0
NZ_RZPX01000272_1_Mesorhizobium_sp__M7A.F.Ca.CA.001.11.2.1_NODE_271_length_7648_cov_3.00013__whole_genome_shotgun_sequence	1	0
NZ_RZPZ01000054_1_Mesorhizobium_sp__M7A.F.Ca.CA.004.09.1.2_NODE_54_length_20744_cov_2.81554__whole_genome_shotgun_sequence	1	1
NZ_RZQA01000151_1_Mesorhizobium_sp__M7A.F.Ca.US.006.04.2.1_NODE_151_length_9500_cov_3.57772__whole_genome_shotgun_sequence	1	0
NZ_RZQA01000190_1_Mesorhizobium_sp__M7A.F.Ca.US.006.04.2.1_NODE_190_length_8421_cov_1.79889__whole_genome_shotgun_sequence	1	0
NZ_RZQA01000465_1_Mesorhizobium_sp__M7A.F.Ca.US.006.04.2.1_NODE_465_length_5147_cov_3.44044__whole_genome_shotgun_sequence	1	0
NZ_RZQA01000514_1_Mesorhizobium_sp__M7A.F.Ca.US.006.04.2.1_NODE_514_length_4761_cov_2.15904__whole_genome_shotgun_sequence	1	0
NZ_RZQC01000417_1_Mesorhizobium_sp__M7A.F.Ca.CA.004.11.1.1_NODE_417_length_4271_cov_3.53885__whole_genome_shotgun_sequence	1	1
NZ_RZQD01000593_1_Mesorhizobium_sp__M7A.F.Ca.CA.004.11.2.1_NODE_593_length_3838_cov_3.14282__whole_genome_shotgun_sequence	1	0
NZ_RZQE01000161_1_Mesorhizobium_sp__M7A.F.Ca.US.002.01.1.1_NODE_161_length_11562_cov_2.98076__whole_genome_shotgun_sequence	1	0
NZ_RZQE01000378_1_Mesorhizobium_sp__M7A.F.Ca.US.002.01.1.1_NODE_378_length_5880_cov_2.34__whole_genome_shotgun_sequence	1	0
NZ_RZQE01000449_1_Mesorhizobium_sp__M7A.F.Ca.US.002.01.1.1_NODE_449_length_4896_cov_2.91801__whole_genome_shotgun_sequence	1	0
NZ_RZQE01000537_1_Mesorhizobium_sp__M7A.F.Ca.US.002.01.1.1_NODE_537_length_3656_cov_3.15812__whole_genome_shotgun_sequence	1	0
NZ_RZQE01000552_1_Mesorhizobium_sp__M7A.F.Ca.US.002.01.1.1_NODE_552_length_3510_cov_2.75879__whole_genome_shotgun_sequence	1	0
NZ_RZQG01000573_1_Mesorhizobium_sp__M7D.F.Ca.US.004.03.1.1_NODE_573_length_3937_cov_2.35617__whole_genome_shotgun_sequence	1	0
NZ_RZQG01000797_1_Mesorhizobium_sp__M7D.F.Ca.US.004.03.1.1_NODE_797_length_2772_cov_3.1448__whole_genome_shotgun_sequence	1	0
NZ_RZQH01000402_1_Mesorhizobium_sp__M7A.F.Ca.US.001.02.1.1_NODE_402_length_5884_cov_2.16328__whole_genome_shotgun_sequence	1	0
NZ_RZQH01000648_1_Mesorhizobium_sp__M7A.F.Ca.US.001.02.1.1_NODE_648_length_3042_cov_2.18388__whole_genome_shotgun_sequence	1	0
NZ_RZQK01000406_1_Mesorhizobium_sp__M7A.F.Ca.CA.001.14.1.1_NODE_405_length_5894_cov_2.29513__whole_genome_shotgun_sequence	1	0
NZ_RZQK01000553_1_Mesorhizobium_sp__M7A.F.Ca.CA.001.14.1.1_NODE_552_length_3805_cov_2.469__whole_genome_shotgun_sequence	1	0
NZ_RZQK01000638_1_Mesorhizobium_sp__M7A.F.Ca.CA.001.14.1.1_NODE_637_length_2607_cov_2.74718__whole_genome_shotgun_sequence	1	0
NZ_RZQL01000026_1_Mesorhizobium_sp__M7A.F.Ca.US.006.01.1.1_NODE_26_length_42237_cov_4.25932__whole_genome_shotgun_sequence_fragment_1	1	0
NZ_RZQL01000061_1_Mesorhizobium_sp__M7A.F.Ca.US.006.01.1.1_NODE_60_length_29932_cov_3.21074__whole_genome_shotgun_sequence_fragment_1	1	0
NZ_RZQL01000078_1_Mesorhizobium_sp__M7A.F.Ca.US.006.01.1.1_NODE_77_length_26931_cov_4.02388__whole_genome_shotgun_sequence	1	1
NZ_RZQM01000234_1_Mesorhizobium_sp__M7A.F.Ca.US.006.01.2.1_NODE_234_length_9929_cov_3.30514__whole_genome_shotgun_sequence	1	2
NZ_RZQO01000039_1_Mesorhizobium_sp__M7A.F.Ca.US.003.02.1.1_NODE_39_length_25049_cov_3.42228__whole_genome_shotgun_sequence	1	0
NZ_RZQP01000177_1_Mesorhizobium_sp__M7A.F.Ca.US.007.01.2.1_NODE_177_length_13283_cov_3.48062__whole_genome_shotgun_sequence	1	0
NZ_RZQQ01000112_1_Mesorhizobium_sp__M7A.F.Ca.US.007.01.1.1_NODE_112_length_12140_cov_2.71681__whole_genome_shotgun_sequence	1	0
NZ_RZQR01000117_1_Mesorhizobium_sp__M7A.F.Ca.CA.001.15.1.1_NODE_117_length_19406_cov_3.69008__whole_genome_shotgun_sequence_fragment_1	1	0
NZ_RZQS01000297_1_Mesorhizobium_sp__M7A.F.Ca.CA.001.04.1.1_NODE_297_length_7926_cov_4.16079__whole_genome_shotgun_sequence	1	0
NZ_RZQS01000322_1_Mesorhizobium_sp__M7A.F.Ca.CA.001.04.1.1_NODE_322_length_7129_cov_3.80848__whole_genome_shotgun_sequence	1	0
NZ_RZQS01000505_1_Mesorhizobium_sp__M7A.F.Ca.CA.001.04.1.1_NODE_504_length_3436_cov_2.7256__whole_genome_shotgun_sequence	1	0
NZ_RZQU01000273_1_Mesorhizobium_sp__M7A.F.Ca.CA.004.05.2.1_NODE_272_length_7313_cov_2.26343__whole_genome_shotgun_sequence	1	1
NZ_RZQV01000446_1_Mesorhizobium_sp__M7A.F.Ca.CA.002.15.1.1_NODE_446_length_4629_cov_3.74012__whole_genome_shotgun_sequence	1	0
NZ_RZQV01000627_1_Mesorhizobium_sp__M7A.F.Ca.CA.002.15.1.1_NODE_627_length_2573_cov_4.13123__whole_genome_shotgun_sequence	1	0
NZ_RZQW01000075_1_Mesorhizobium_sp__M7A.F.Ca.CA.001.09.1.1_NODE_75_length_20699_cov_2.72628__whole_genome_shotgun_sequence_fragment_1	1	0
NZ_RZQW01000203_1_Mesorhizobium_sp__M7A.F.Ca.CA.001.09.1.1_NODE_203_length_11032_cov_3.43851__whole_genome_shotgun_sequence	1	0
NZ_RZQX01000335_1_Mesorhizobium_sp__M7A.F.Ca.CA.001.09.2.1_NODE_335_length_6975_cov_2.3585__whole_genome_shotgun_sequence	1	0
NZ_RZRD01000237_1_Mesorhizobium_sp__M7A.F.Ca.CA.001.12.2.1_NODE_236_length_8754_cov_3.04521__whole_genome_shotgun_sequence	1	0
NZ_RZRD01000308_1_Mesorhizobium_sp__M7A.F.Ca.CA.001.12.2.1_NODE_307_length_7402_cov_2.24179__whole_genome_shotgun_sequence	1	0
NZ_RZRD01000412_1_Mesorhizobium_sp__M7A.F.Ca.CA.001.12.2.1_NODE_411_length_6008_cov_3.46302__whole_genome_shotgun_sequence	1	0
NZ_RZRE01000343_1_Mesorhizobium_sp__M7A.F.Ca.US.001.04.1.1_NODE_342_length_4444_cov_2.09196__whole_genome_shotgun_sequence	1	0
NZ_RZRF01000003_1_Mesorhizobium_sp__M7A.F.Ca.US.001.04.2.1_NODE_3_length_142454_cov_3.91371__whole_genome_shotgun_sequence_fragment_1	1	0
NZ_RZRF01000178_1_Mesorhizobium_sp__M7A.F.Ca.US.001.04.2.1_NODE_178_length_12659_cov_3.39786__whole_genome_shotgun_sequence	1	0
NZ_RZRF01000292_1_Mesorhizobium_sp__M7A.F.Ca.US.001.04.2.1_NODE_292_length_4897_cov_5.98512__whole_genome_shotgun_sequence	1	0
NZ_RZRG01000438_1_Mesorhizobium_sp__M7A.F.Ca.CA.001.13.1.1_NODE_437_length_3341_cov_3.1145__whole_genome_shotgun_sequence	1	0
NZ_RZRJ01000004_1_Mesorhizobium_sp__M7A.F.Ca.CA.004.08.2.1_NODE_4_length_59755_cov_3.3448__whole_genome_shotgun_sequence_fragment_1	1	0
NZ_RZRN01000013_1_Mesorhizobium_sp__M7A.F.Ca.CA.002.12.1.1_NODE_13_length_108681_cov_6.17814__whole_genome_shotgun_sequence_fragment_2	1	0
NZ_RZRP01000163_1_Mesorhizobium_sp__M7A.F.Ca.US.005.03.2.1_NODE_163_length_9266_cov_2.88916__whole_genome_shotgun_sequence	1	0
NZ_RZRP01000513_1_Mesorhizobium_sp__M7A.F.Ca.US.005.03.2.1_NODE_513_length_4620_cov_2.88738__whole_genome_shotgun_sequence	1	0
NZ_RZRQ01000039_1_Mesorhizobium_sp__M7D.F.Ca.US.004.01.2.1_NODE_39_length_27638_cov_3.33645__whole_genome_shotgun_sequence	1	0
NZ_RZRT01000063_1_Mesorhizobium_sp__M7A.F.Ca.US.011.01.1.1_NODE_63_length_29844_cov_6.08753__whole_genome_shotgun_sequence_fragment_1	1	0
NZ_RZRT01000128_1_Mesorhizobium_sp__M7A.F.Ca.US.011.01.1.1_NODE_128_length_4295_cov_14.2416__whole_genome_shotgun_sequence	1	0
NZ_RZRU01000005_1_Mesorhizobium_sp__M7A.F.Ca.US.008.03.1.1_NODE_5_length_308554_cov_8.15811_seq1__whole_genome_shotgun_sequence_fragment_3	1	0
NZ_RZRW01000562_1_Mesorhizobium_sp__M7A.F.Ca.US.014.04.1.1_NODE_561_length_3698_cov_2.13694__whole_genome_shotgun_sequence	1	0
NZ_RZRW01000586_1_Mesorhizobium_sp__M7A.F.Ca.US.014.04.1.1_NODE_585_length_3485_cov_1.32519__whole_genome_shotgun_sequence	1	0
NZ_RZRW01000730_1_Mesorhizobium_sp__M7A.F.Ca.US.014.04.1.1_NODE_730_length_2527_cov_3.67667__whole_genome_shotgun_sequence	1	0
NZ_RZRX01000244_1_Mesorhizobium_sp__M2A.F.Ca.ET.042.01.1.1_NODE_244_length_9865_cov_2.94475__whole_genome_shotgun_sequence	1	0
NZ_RZRY01000001_1_Mesorhizobium_sp__M2A.F.Ca.ET.039.01.1.1_NODE_1_length_84202_cov_3.76577__whole_genome_shotgun_sequence_fragment_1	1	0
NZ_RZRY01000002_1_Mesorhizobium_sp__M2A.F.Ca.ET.039.01.1.1_NODE_2_length_61537_cov_7.32553__whole_genome_shotgun_sequence	1	1
NZ_RZRY01000025_1_Mesorhizobium_sp__M2A.F.Ca.ET.039.01.1.1_NODE_25_length_25273_cov_3.5826__whole_genome_shotgun_sequence	1	0
NZ_RZRY01000216_1_Mesorhizobium_sp__M2A.F.Ca.ET.039.01.1.1_NODE_216_length_9077_cov_2.8038__whole_genome_shotgun_sequence	1	1
NZ_RZRY01000279_1_Mesorhizobium_sp__M2A.F.Ca.ET.039.01.1.1_NODE_279_length_7822_cov_2.48356__whole_genome_shotgun_sequence	1	0
NZ_RZRY01000406_1_Mesorhizobium_sp__M2A.F.Ca.ET.039.01.1.1_NODE_406_length_5751_cov_3.44399__whole_genome_shotgun_sequence	1	0
NZ_RZRY01000444_1_Mesorhizobium_sp__M2A.F.Ca.ET.039.01.1.1_NODE_444_length_5360_cov_2.12249__whole_genome_shotgun_sequence	1	0
NZ_RZRY01000450_1_Mesorhizobium_sp__M2A.F.Ca.ET.039.01.1.1_NODE_450_length_5328_cov_2.57662__whole_genome_shotgun_sequence	1	0
NZ_RZRY01000601_1_Mesorhizobium_sp__M2A.F.Ca.ET.039.01.1.1_NODE_601_length_3838_cov_2.50499__whole_genome_shotgun_sequence	1	0
NZ_RZRY01000746_1_Mesorhizobium_sp__M2A.F.Ca.ET.039.01.1.1_NODE_746_length_2846_cov_2.089__whole_genome_shotgun_sequence	1	0
NZ_RZSA01000070_1_Mesorhizobium_sp__M2A.F.Ca.ET.037.01.1.1_NODE_70_length_12057_cov_2.92037__whole_genome_shotgun_sequence_fragment_1	1	0
NZ_RZSA01000111_1_Mesorhizobium_sp__M2A.F.Ca.ET.037.01.1.1_NODE_111_length_10432_cov_2.92421__whole_genome_shotgun_sequence	1	1
NZ_RZSA01000137_1_Mesorhizobium_sp__M2A.F.Ca.ET.037.01.1.1_NODE_137_length_9848_cov_2.69149__whole_genome_shotgun_sequence	1	0
NZ_RZSA01000183_1_Mesorhizobium_sp__M2A.F.Ca.ET.037.01.1.1_NODE_183_length_8602_cov_2.78938__whole_genome_shotgun_sequence	1	0
NZ_RZSA01000216_1_Mesorhizobium_sp__M2A.F.Ca.ET.037.01.1.1_NODE_216_length_7806_cov_2.53471__whole_genome_shotgun_sequence	1	0
NZ_RZSA01000229_1_Mesorhizobium_sp__M2A.F.Ca.ET.037.01.1.1_NODE_229_length_7647_cov_2.11928__whole_genome_shotgun_sequence	1	0
NZ_RZSA01000275_1_Mesorhizobium_sp__M2A.F.Ca.ET.037.01.1.1_NODE_275_length_6943_cov_2.97902__whole_genome_shotgun_sequence	1	0
NZ_RZSA01000552_1_Mesorhizobium_sp__M2A.F.Ca.ET.037.01.1.1_NODE_552_length_4496_cov_2.6569__whole_genome_shotgun_sequence	1	0
NZ_RZSA01000571_1_Mesorhizobium_sp__M2A.F.Ca.ET.037.01.1.1_NODE_571_length_4402_cov_1.96023__whole_genome_shotgun_sequence	1	0
NZ_RZSA01000628_1_Mesorhizobium_sp__M2A.F.Ca.ET.037.01.1.1_NODE_628_length_4019_cov_1.78571__whole_genome_shotgun_sequence	1	0
NZ_RZSA01000890_1_Mesorhizobium_sp__M2A.F.Ca.ET.037.01.1.1_NODE_890_length_2738_cov_2.77097__whole_genome_shotgun_sequence	1	0
NZ_RZSB01000003_1_Mesorhizobium_sp__M2A.F.Ca.ET.067.02.1.1_NODE_3_length_71711_cov_3.52867__whole_genome_shotgun_sequence_fragment_2	1	0
NZ_RZSB01000180_1_Mesorhizobium_sp__M2A.F.Ca.ET.067.02.1.1_NODE_180_length_9010_cov_2.8997__whole_genome_shotgun_sequence	1	1
NZ_RZSB01000258_1_Mesorhizobium_sp__M2A.F.Ca.ET.067.02.1.1_NODE_258_length_7459_cov_2.75832__whole_genome_shotgun_sequence	1	0
NZ_RZSB01000364_1_Mesorhizobium_sp__M2A.F.Ca.ET.067.02.1.1_NODE_364_length_5908_cov_2.34838__whole_genome_shotgun_sequence	1	0
NZ_RZSB01000618_1_Mesorhizobium_sp__M2A.F.Ca.ET.067.02.1.1_NODE_618_length_3634_cov_2.59167__whole_genome_shotgun_sequence	1	0
NZ_RZSB01000662_1_Mesorhizobium_sp__M2A.F.Ca.ET.067.02.1.1_NODE_662_length_3385_cov_2.4954__whole_genome_shotgun_sequence	1	0
NZ_RZSC01000516_1_Mesorhizobium_sp__M1E.F.Ca.ET.063.01.1.1_NODE_516_length_4342_cov_1.80047__whole_genome_shotgun_sequence	1	0
NZ_RZSC01000526_1_Mesorhizobium_sp__M1E.F.Ca.ET.063.01.1.1_NODE_526_length_4294_cov_3.28366__whole_genome_shotgun_sequence	1	0
NZ_RZSC01000528_1_Mesorhizobium_sp__M1E.F.Ca.ET.063.01.1.1_NODE_528_length_4279_cov_2.35621__whole_genome_shotgun_sequence	1	1
NZ_RZSC01000641_1_Mesorhizobium_sp__M1E.F.Ca.ET.063.01.1.1_NODE_641_length_3371_cov_2.6119__whole_genome_shotgun_sequence	1	0
NZ_RZSC01000756_1_Mesorhizobium_sp__M1E.F.Ca.ET.063.01.1.1_NODE_756_length_2743_cov_1.9893__whole_genome_shotgun_sequence	1	0
NZ_RZSE01000137_1_Mesorhizobium_sp__M4B.F.Ca.ET.049.02.1.2_NODE_137_length_14272_cov_3.12853__whole_genome_shotgun_sequence	1	0
NZ_RZSE01000154_1_Mesorhizobium_sp__M4B.F.Ca.ET.049.02.1.2_NODE_154_length_13284_cov_3.7162__whole_genome_shotgun_sequence	1	1
NZ_RZSE01000189_1_Mesorhizobium_sp__M4B.F.Ca.ET.049.02.1.2_NODE_189_length_11605_cov_3.94224__whole_genome_shotgun_sequence	1	0
NZ_RZSE01000562_1_Mesorhizobium_sp__M4B.F.Ca.ET.049.02.1.2_NODE_562_length_3406_cov_3.86978__whole_genome_shotgun_sequence	1	0
NZ_RZSE01000617_1_Mesorhizobium_sp__M4B.F.Ca.ET.049.02.1.2_NODE_617_length_2835_cov_4.72784__whole_genome_shotgun_sequence	1	0
NZ_RZSF01000003_1_Mesorhizobium_sp__M1A.F.Ca.ET.072.01.1.1_NODE_3_length_65085_cov_8.47759__whole_genome_shotgun_sequence	1	0
NZ_RZSF01000011_1_Mesorhizobium_sp__M1A.F.Ca.ET.072.01.1.1_NODE_11_length_50958_cov_3.90941__whole_genome_shotgun_sequence_fragment_1	1	4
NZ_RZSF01000055_1_Mesorhizobium_sp__M1A.F.Ca.ET.072.01.1.1_NODE_55_length_28147_cov_3.4647__whole_genome_shotgun_sequence_fragment_1	1	0
NZ_RZSF01000240_1_Mesorhizobium_sp__M1A.F.Ca.ET.072.01.1.1_NODE_240_length_10654_cov_4.11941__whole_genome_shotgun_sequence	1	0
NZ_RZSF01000299_1_Mesorhizobium_sp__M1A.F.Ca.ET.072.01.1.1_NODE_299_length_8381_cov_3.56651__whole_genome_shotgun_sequence	1	0
NZ_RZSG01000134_1_Mesorhizobium_sp__M4A.F.Ca.ET.050.02.1.1_NODE_134_length_10963_cov_2.5814__whole_genome_shotgun_sequence	1	0
NZ_RZSG01000189_1_Mesorhizobium_sp__M4A.F.Ca.ET.050.02.1.1_NODE_189_length_8789_cov_2.85892__whole_genome_shotgun_sequence	1	0
NZ_RZSG01000195_1_Mesorhizobium_sp__M4A.F.Ca.ET.050.02.1.1_NODE_195_length_8644_cov_2.38605__whole_genome_shotgun_sequence	1	0
NZ_RZSG01000308_1_Mesorhizobium_sp__M4A.F.Ca.ET.050.02.1.1_NODE_308_length_6638_cov_2.70009__whole_genome_shotgun_sequence	1	0
NZ_RZSG01000448_1_Mesorhizobium_sp__M4A.F.Ca.ET.050.02.1.1_NODE_448_length_4972_cov_2.2192__whole_genome_shotgun_sequence	1	0
NZ_RZSG01000720_1_Mesorhizobium_sp__M4A.F.Ca.ET.050.02.1.1_NODE_720_length_3082_cov_1.83283__whole_genome_shotgun_sequence	1	0
NZ_RZSG01000824_1_Mesorhizobium_sp__M4A.F.Ca.ET.050.02.1.1_NODE_824_length_2557_cov_3.37819__whole_genome_shotgun_sequence	1	0
NZ_RZSH01000036_1_Mesorhizobium_sp__M4B.F.Ca.ET.013.02.1.1_NODE_36_length_28902_cov_3.75576__whole_genome_shotgun_sequence_fragment_1	1	0
NZ_RZSH01000083_1_Mesorhizobium_sp__M4B.F.Ca.ET.013.02.1.1_NODE_83_length_19356_cov_3.83156__whole_genome_shotgun_sequence	1	2
NZ_RZSH01000193_1_Mesorhizobium_sp__M4B.F.Ca.ET.013.02.1.1_NODE_193_length_10070_cov_3.69003__whole_genome_shotgun_sequence	1	0
NZ_RZSH01000347_1_Mesorhizobium_sp__M4B.F.Ca.ET.013.02.1.1_NODE_347_length_5714_cov_2.92393__whole_genome_shotgun_sequence	1	0
NZ_RZSH01000410_1_Mesorhizobium_sp__M4B.F.Ca.ET.013.02.1.1_NODE_410_length_4490_cov_3.46711__whole_genome_shotgun_sequence	1	0
NZ_RZSJ01000002_1_Mesorhizobium_sp__M8A.F.Ca.ET.021.01.1.1_NODE_2_length_59966_cov_4.18832__whole_genome_shotgun_sequence	1	29
NZ_RZSJ01000008_1_Mesorhizobium_sp__M8A.F.Ca.ET.021.01.1.1_NODE_8_length_28285_cov_4.74263__whole_genome_shotgun_sequence	1	0
NZ_RZSJ01000011_1_Mesorhizobium_sp__M8A.F.Ca.ET.021.01.1.1_NODE_11_length_27558_cov_4.60585__whole_genome_shotgun_sequence	1	0
NZ_RZSJ01000025_1_Mesorhizobium_sp__M8A.F.Ca.ET.021.01.1.1_NODE_25_length_23049_cov_4.40681__whole_genome_shotgun_sequence	1	0
NZ_RZSJ01000089_1_Mesorhizobium_sp__M8A.F.Ca.ET.021.01.1.1_NODE_89_length_14476_cov_3.27319__whole_genome_shotgun_sequence	1	2
NZ_RZSJ01000275_1_Mesorhizobium_sp__M8A.F.Ca.ET.021.01.1.1_NODE_275_length_7643_cov_3.66472__whole_genome_shotgun_sequence	1	0
NZ_RZSJ01000442_1_Mesorhizobium_sp__M8A.F.Ca.ET.021.01.1.1_NODE_442_length_5326_cov_3.00808__whole_genome_shotgun_sequence	1	0
NZ_RZSJ01000482_1_Mesorhizobium_sp__M8A.F.Ca.ET.021.01.1.1_NODE_482_length_4901_cov_2.76938__whole_genome_shotgun_sequence	1	0
NZ_RZSK01000032_1_Mesorhizobium_sp__M2A.F.Ca.ET.015.02.1.1_NODE_32_length_42341_cov_4.25425__whole_genome_shotgun_sequence_fragment_1	1	0
NZ_RZSK01000110_1_Mesorhizobium_sp__M2A.F.Ca.ET.015.02.1.1_NODE_110_length_19919_cov_10.2244__whole_genome_shotgun_sequence	1	0
NZ_RZSK01000119_1_Mesorhizobium_sp__M2A.F.Ca.ET.015.02.1.1_NODE_119_length_18688_cov_9.7846__whole_genome_shotgun_sequence	1	0
NZ_RZSK01000291_1_Mesorhizobium_sp__M2A.F.Ca.ET.015.02.1.1_NODE_291_length_5428_cov_2.31654__whole_genome_shotgun_sequence	1	0
NZ_RZSL01000456_1_Mesorhizobium_sp__M1E.F.Ca.ET.041.01.1.1_NODE_456_length_5068_cov_1.69257__whole_genome_shotgun_sequence	1	0
NZ_RZSL01000490_1_Mesorhizobium_sp__M1E.F.Ca.ET.041.01.1.1_NODE_490_length_4671_cov_3.37852__whole_genome_shotgun_sequence	1	0
NZ_RZSM01000018_1_Mesorhizobium_sp__M1A.F.Ca.IN.022.05.2.1_NODE_18_length_43988_cov_3.6612__whole_genome_shotgun_sequence_fragment_1	1	0
NZ_RZSM01000051_1_Mesorhizobium_sp__M1A.F.Ca.IN.022.05.2.1_NODE_51_length_30335_cov_3.23438__whole_genome_shotgun_sequence	1	0
NZ_RZSM01000078_1_Mesorhizobium_sp__M1A.F.Ca.IN.022.05.2.1_NODE_78_length_23237_cov_3.80619__whole_genome_shotgun_sequence	1	0
NZ_RZSM01000080_1_Mesorhizobium_sp__M1A.F.Ca.IN.022.05.2.1_NODE_80_length_22965_cov_4.11148__whole_genome_shotgun_sequence	1	0
NZ_RZSM01000161_1_Mesorhizobium_sp__M1A.F.Ca.IN.022.05.2.1_NODE_161_length_13673_cov_4.43651__whole_genome_shotgun_sequence	1	1
NZ_RZSM01000216_1_Mesorhizobium_sp__M1A.F.Ca.IN.022.05.2.1_NODE_216_length_9715_cov_3.78901__whole_genome_shotgun_sequence	1	0
NZ_RZSM01000309_1_Mesorhizobium_sp__M1A.F.Ca.IN.022.05.2.1_NODE_309_length_6131_cov_2.56379__whole_genome_shotgun_sequence	1	0
NZ_RZSN01000001_1_Mesorhizobium_sp__M1A.F.Ca.IN.020.04.1.1_NODE_1_length_158963_cov_8.17827__whole_genome_shotgun_sequence_fragment_1	1	1
NZ_RZSP01000001_1_Mesorhizobium_sp__M1A.F.Ca.IN.020.32.1.1_NODE_1_length_234053_cov_4.43392__whole_genome_shotgun_sequence_fragment_2	1	0
NZ_RZSP01000088_1_Mesorhizobium_sp__M1A.F.Ca.IN.020.32.1.1_NODE_88_length_23966_cov_4.59931__whole_genome_shotgun_sequence	1	0
NZ_RZSP01000167_1_Mesorhizobium_sp__M1A.F.Ca.IN.020.32.1.1_NODE_167_length_10087_cov_4.25592__whole_genome_shotgun_sequence	1	0
NZ_RZSP01000258_1_Mesorhizobium_sp__M1A.F.Ca.IN.020.32.1.1_NODE_258_length_3288_cov_2.97121__whole_genome_shotgun_sequence	1	0
NZ_RZSQ01000003_1_Mesorhizobium_sp__M1A.F.Ca.IN.020.03.1.1_NODE_3_length_52569_cov_3.65722__whole_genome_shotgun_sequence	1	0
NZ_RZSQ01000123_1_Mesorhizobium_sp__M1A.F.Ca.IN.020.03.1.1_NODE_123_length_15142_cov_3.23497__whole_genome_shotgun_sequence	1	0
NZ_RZSQ01000383_1_Mesorhizobium_sp__M1A.F.Ca.IN.020.03.1.1_NODE_383_length_5372_cov_3.18913__whole_genome_shotgun_sequence	1	0
NZ_RZSQ01000460_1_Mesorhizobium_sp__M1A.F.Ca.IN.020.03.1.1_NODE_460_length_3847_cov_2.35027__whole_genome_shotgun_sequence	1	0
NZ_RZSR01000054_1_Mesorhizobium_sp__M1A.F.Ca.IN.020.06.1.1_NODE_54_length_12520_cov_2.43629__whole_genome_shotgun_sequence	1	0
NZ_RZSR01000055_1_Mesorhizobium_sp__M1A.F.Ca.IN.020.06.1.1_NODE_55_length_12374_cov_2.42263__whole_genome_shotgun_sequence	1	0
NZ_RZSR01000068_1_Mesorhizobium_sp__M1A.F.Ca.IN.020.06.1.1_NODE_68_length_11537_cov_2.71367__whole_genome_shotgun_sequence	1	0
NZ_RZSR01000422_1_Mesorhizobium_sp__M1A.F.Ca.IN.020.06.1.1_NODE_420_length_4962_cov_2.82068__whole_genome_shotgun_sequence	1	0
NZ_RZSR01000432_1_Mesorhizobium_sp__M1A.F.Ca.IN.020.06.1.1_NODE_430_length_4883_cov_2.53406__whole_genome_shotgun_sequence	1	0
NZ_RZSR01000511_1_Mesorhizobium_sp__M1A.F.Ca.IN.020.06.1.1_NODE_509_length_4272_cov_2.88806__whole_genome_shotgun_sequence	1	0
NZ_RZSS01000001_1_Mesorhizobium_sp__M1A.F.Ca.IN.022.02.1.1_NODE_1_length_170788_cov_4.77865__whole_genome_shotgun_sequence_fragment_1	1	0
NZ_RZSS01000029_1_Mesorhizobium_sp__M1A.F.Ca.IN.022.02.1.1_NODE_29_length_44817_cov_4.07975__whole_genome_shotgun_sequence	1	1
NZ_RZSS01000082_1_Mesorhizobium_sp__M1A.F.Ca.IN.022.02.1.1_NODE_82_length_23831_cov_3.52915__whole_genome_shotgun_sequence	1	0
NZ_RZSS01000108_1_Mesorhizobium_sp__M1A.F.Ca.IN.022.02.1.1_NODE_107_length_19792_cov_2.95718__whole_genome_shotgun_sequence	1	0
NZ_RZSS01000198_1_Mesorhizobium_sp__M1A.F.Ca.IN.022.02.1.1_NODE_197_length_9219_cov_2.84503__whole_genome_shotgun_sequence	1	0
NZ_RZSS01000273_1_Mesorhizobium_sp__M1A.F.Ca.IN.022.02.1.1_NODE_272_length_4913_cov_1.95633__whole_genome_shotgun_sequence	1	0
NZ_RZST01000003_1_Mesorhizobium_sp__M1A.F.Ca.IN.022.07.1.1_NODE_3_length_74230_cov_3.59234__whole_genome_shotgun_sequence	1	1
NZ_RZST01000005_1_Mesorhizobium_sp__M1A.F.Ca.IN.022.07.1.1_NODE_5_length_40889_cov_3.40886__whole_genome_shotgun_sequence_fragment_1	1	0
NZ_RZST01000377_1_Mesorhizobium_sp__M1A.F.Ca.IN.022.07.1.1_NODE_377_length_5223_cov_4.75353__whole_genome_shotgun_sequence	1	0
NZ_RZST01000435_1_Mesorhizobium_sp__M1A.F.Ca.IN.022.07.1.1_NODE_435_length_4226_cov_3.11369__whole_genome_shotgun_sequence	1	0
NZ_RZST01000440_1_Mesorhizobium_sp__M1A.F.Ca.IN.022.07.1.1_NODE_440_length_4096_cov_2.65961__whole_genome_shotgun_sequence	1	0
NZ_RZST01000444_1_Mesorhizobium_sp__M1A.F.Ca.IN.022.07.1.1_NODE_444_length_3986_cov_3.46515__whole_genome_shotgun_sequence	1	0
NZ_RZST01000525_1_Mesorhizobium_sp__M1A.F.Ca.IN.022.07.1.1_NODE_525_length_2730_cov_2.9927__whole_genome_shotgun_sequence	1	0
NZ_RZSU01000007_1_Mesorhizobium_sp__M5C.F.Cr.IN.023.01.1.1_NODE_7_length_111743_cov_5.23834__whole_genome_shotgun_sequence_fragment_2	1	0
NZ_RZSU01000038_1_Mesorhizobium_sp__M5C.F.Cr.IN.023.01.1.1_NODE_38_length_58474_cov_4.93071__whole_genome_shotgun_sequence_fragment_1	1	0
NZ_RZSU01000063_1_Mesorhizobium_sp__M5C.F.Cr.IN.023.01.1.1_NODE_63_length_38835_cov_4.41994__whole_genome_shotgun_sequence_fragment_1	1	0
NZ_RZSU01000142_1_Mesorhizobium_sp__M5C.F.Cr.IN.023.01.1.1_NODE_142_length_14113_cov_4.43965__whole_genome_shotgun_sequence	1	0
NZ_RZSU01000158_1_Mesorhizobium_sp__M5C.F.Cr.IN.023.01.1.1_NODE_158_length_11780_cov_5.2583__whole_genome_shotgun_sequence	1	0
NZ_RZSU01000203_1_Mesorhizobium_sp__M5C.F.Cr.IN.023.01.1.1_NODE_203_length_4930_cov_4.82782__whole_genome_shotgun_sequence	1	0
NZ_RZSV01000007_1_Mesorhizobium_sp__M1A.F.Ca.IN.020.03.2.1_NODE_7_length_55547_cov_3.42434__whole_genome_shotgun_sequence	1	2
NZ_RZSV01000009_1_Mesorhizobium_sp__M1A.F.Ca.IN.020.03.2.1_NODE_9_length_54590_cov_3.9697__whole_genome_shotgun_sequence	1	0
NZ_RZSV01000104_1_Mesorhizobium_sp__M1A.F.Ca.IN.020.03.2.1_NODE_104_length_19670_cov_3.82925__whole_genome_shotgun_sequence	1	0
NZ_RZSV01000150_1_Mesorhizobium_sp__M1A.F.Ca.IN.020.03.2.1_NODE_150_length_14374_cov_4.54068__whole_genome_shotgun_sequence_fragment_1	1	0
NZ_RZSV01000187_1_Mesorhizobium_sp__M1A.F.Ca.IN.020.03.2.1_NODE_187_length_11548_cov_3.32537__whole_genome_shotgun_sequence	1	1
NZ_RZSW01000001_1_Mesorhizobium_sp__M5C.F.Ca.IN.020.29.1.1_NODE_1_length_62582_cov_7.09195__whole_genome_shotgun_sequence	1	1
NZ_RZSW01000194_1_Mesorhizobium_sp__M5C.F.Ca.IN.020.29.1.1_NODE_194_length_10547_cov_2.69098__whole_genome_shotgun_sequence	1	0
NZ_RZSW01000361_1_Mesorhizobium_sp__M5C.F.Ca.IN.020.29.1.1_NODE_361_length_6491_cov_3.40541__whole_genome_shotgun_sequence	1	0
NZ_RZSW01000391_1_Mesorhizobium_sp__M5C.F.Ca.IN.020.29.1.1_NODE_391_length_6151_cov_2.22377__whole_genome_shotgun_sequence	1	0
NZ_RZSW01000417_1_Mesorhizobium_sp__M5C.F.Ca.IN.020.29.1.1_NODE_417_length_5698_cov_2.71693__whole_genome_shotgun_sequence	1	0
NZ_RZSW01000458_1_Mesorhizobium_sp__M5C.F.Ca.IN.020.29.1.1_NODE_458_length_5166_cov_2.54554__whole_genome_shotgun_sequence	1	0
NZ_RZSW01000508_1_Mesorhizobium_sp__M5C.F.Ca.IN.020.29.1.1_NODE_508_length_4615_cov_1.78476__whole_genome_shotgun_sequence	1	0
NZ_RZSW01000621_1_Mesorhizobium_sp__M5C.F.Ca.IN.020.29.1.1_NODE_621_length_3282_cov_3.55943__whole_genome_shotgun_sequence	1	0
NZ_RZSX01000201_1_Mesorhizobium_sp__M5C.F.Ca.IN.020.32.2.1_NODE_201_length_8373_cov_2.22847__whole_genome_shotgun_sequence	1	0
NZ_RZSX01000785_1_Mesorhizobium_sp__M5C.F.Ca.IN.020.32.2.1_NODE_785_length_2956_cov_2.46872__whole_genome_shotgun_sequence	1	0
NZ_RZSZ01000017_1_Mesorhizobium_sp__M1A.F.Ca.IN.022.04.1.1_NODE_17_length_33094_cov_3.60348__whole_genome_shotgun_sequence	1	0
NZ_RZSZ01000107_1_Mesorhizobium_sp__M1A.F.Ca.IN.022.04.1.1_NODE_107_length_15689_cov_2.87932__whole_genome_shotgun_sequence	1	0
NZ_RZSZ01000179_1_Mesorhizobium_sp__M1A.F.Ca.IN.022.04.1.1_NODE_179_length_11583_cov_2.89115__whole_genome_shotgun_sequence	1	0
NZ_RZSZ01000194_1_Mesorhizobium_sp__M1A.F.Ca.IN.022.04.1.1_NODE_194_length_11087_cov_2.51788__whole_genome_shotgun_sequence	1	0
NZ_RZSZ01000362_1_Mesorhizobium_sp__M1A.F.Ca.IN.022.04.1.1_NODE_362_length_5919_cov_3.45822__whole_genome_shotgun_sequence	1	0
NZ_RZSZ01000405_1_Mesorhizobium_sp__M1A.F.Ca.IN.022.04.1.1_NODE_405_length_5056_cov_2.98864__whole_genome_shotgun_sequence	1	0
NZ_RZSZ01000445_1_Mesorhizobium_sp__M1A.F.Ca.IN.022.04.1.1_NODE_445_length_4081_cov_4.10091__whole_genome_shotgun_sequence	1	0
NZ_RZSZ01000466_1_Mesorhizobium_sp__M1A.F.Ca.IN.022.04.1.1_NODE_466_length_3781_cov_3.16256__whole_genome_shotgun_sequence	1	0
NZ_RZTA01000054_1_Mesorhizobium_sp__M6A.T.Cr.TU.017.01.1.1_NODE_54_length_38537_cov_3.66144__whole_genome_shotgun_sequence_fragment_1	1	0
NZ_RZTA01000065_1_Mesorhizobium_sp__M6A.T.Cr.TU.017.01.1.1_NODE_65_length_35779_cov_3.86581__whole_genome_shotgun_sequence_fragment_1	1	0
NZ_RZTA01000134_1_Mesorhizobium_sp__M6A.T.Cr.TU.017.01.1.1_NODE_134_length_15046_cov_4.00972__whole_genome_shotgun_sequence	1	0
NZ_RZTA01000187_1_Mesorhizobium_sp__M6A.T.Cr.TU.017.01.1.1_NODE_187_length_7258_cov_3.24765__whole_genome_shotgun_sequence	1	0
NZ_RZTB01000023_1_Mesorhizobium_sp__M7A.F.Ca.MR.148.00.0.0_NODE_23_length_81985_cov_4.88171__whole_genome_shotgun_sequence_fragment_1	1	1
NZ_RZTB01000042_1_Mesorhizobium_sp__M7A.F.Ca.MR.148.00.0.0_NODE_42_length_46597_cov_5.57133__whole_genome_shotgun_sequence_fragment_1	1	1
NZ_RZTB01000126_1_Mesorhizobium_sp__M7A.F.Ca.MR.148.00.0.0_NODE_126_length_16267_cov_2.55397__whole_genome_shotgun_sequence	1	0
NZ_RZTB01000182_1_Mesorhizobium_sp__M7A.F.Ca.MR.148.00.0.0_NODE_182_length_6782_cov_3.66449__whole_genome_shotgun_sequence	1	0
NZ_RZTB01000191_1_Mesorhizobium_sp__M7A.F.Ca.MR.148.00.0.0_NODE_191_length_6171_cov_2.47204__whole_genome_shotgun_sequence	1	0
NZ_RZTB01000200_1_Mesorhizobium_sp__M7A.F.Ca.MR.148.00.0.0_NODE_200_length_5626_cov_2.75516__whole_genome_shotgun_sequence	1	0
NZ_RZTB01000222_1_Mesorhizobium_sp__M7A.F.Ca.MR.148.00.0.0_NODE_222_length_4188_cov_1.88217__whole_genome_shotgun_sequence	1	0
NZ_RZTB01000235_1_Mesorhizobium_sp__M7A.F.Ca.MR.148.00.0.0_NODE_235_length_2828_cov_2.76103__whole_genome_shotgun_sequence	1	0
NZ_RZTC01000005_1_Mesorhizobium_sp__M7A.F.Ca.MR.176.00.0.0_NODE_5_length_122140_cov_5.23404__whole_genome_shotgun_sequence_fragment_1	1	0
NZ_RZTC01000007_1_Mesorhizobium_sp__M7A.F.Ca.MR.176.00.0.0_NODE_7_length_119848_cov_5.50628__whole_genome_shotgun_sequence_fragment_1	1	0
NZ_RZTC01000009_1_Mesorhizobium_sp__M7A.F.Ca.MR.176.00.0.0_NODE_9_length_102033_cov_4.56643__whole_genome_shotgun_sequence_fragment_1	1	0
NZ_RZTC01000161_1_Mesorhizobium_sp__M7A.F.Ca.MR.176.00.0.0_NODE_160_length_10714_cov_4.79257__whole_genome_shotgun_sequence	1	1
NZ_RZTC01000188_1_Mesorhizobium_sp__M7A.F.Ca.MR.176.00.0.0_NODE_187_length_6881_cov_3.10826__whole_genome_shotgun_sequence	1	0
NZ_RZTC01000191_1_Mesorhizobium_sp__M7A.F.Ca.MR.176.00.0.0_NODE_190_length_6680_cov_4.9754__whole_genome_shotgun_sequence	1	0
NZ_RZTC01000200_1_Mesorhizobium_sp__M7A.F.Ca.MR.176.00.0.0_NODE_199_length_5583_cov_3.4186__whole_genome_shotgun_sequence	1	0
NZ_RZTE01000015_1_Mesorhizobium_sp__M7A.F.Ca.MR.245.00.0.0_NODE_15_length_137082_cov_6.18038__whole_genome_shotgun_sequence_fragment_1	1	0
NZ_RZTF01000069_1_Mesorhizobium_sp__M7A.F.Ca.MR.362.00.0.0_NODE_69_length_21074_cov_3.1844__whole_genome_shotgun_sequence_fragment_1	1	0
NZ_RZTF01000078_1_Mesorhizobium_sp__M7A.F.Ca.MR.362.00.0.0_NODE_78_length_20012_cov_2.91417__whole_genome_shotgun_sequence	1	0
NZ_RZTF01000088_1_Mesorhizobium_sp__M7A.F.Ca.MR.362.00.0.0_NODE_88_length_18932_cov_3.63681__whole_genome_shotgun_sequence	1	0
NZ_RZTF01000133_1_Mesorhizobium_sp__M7A.F.Ca.MR.362.00.0.0_NODE_133_length_15111_cov_3.10062__whole_genome_shotgun_sequence	1	1
NZ_RZTF01000176_1_Mesorhizobium_sp__M7A.F.Ca.MR.362.00.0.0_NODE_176_length_12494_cov_3.08658__whole_genome_shotgun_sequence	1	0
NZ_RZTF01000292_1_Mesorhizobium_sp__M7A.F.Ca.MR.362.00.0.0_NODE_291_length_8439_cov_3.03042__whole_genome_shotgun_sequence	1	0
NZ_RZTF01000315_1_Mesorhizobium_sp__M7A.F.Ca.MR.362.00.0.0_NODE_314_length_7648_cov_2.84354__whole_genome_shotgun_sequence	1	0
NZ_RZTF01000321_1_Mesorhizobium_sp__M7A.F.Ca.MR.362.00.0.0_NODE_320_length_7353_cov_3.24185__whole_genome_shotgun_sequence	1	0
NZ_RZTF01000352_1_Mesorhizobium_sp__M7A.F.Ca.MR.362.00.0.0_NODE_351_length_6713_cov_3.01202__whole_genome_shotgun_sequence	1	0
NZ_RZTF01000383_1_Mesorhizobium_sp__M7A.F.Ca.MR.362.00.0.0_NODE_382_length_6186_cov_2.96134__whole_genome_shotgun_sequence	1	0
NZ_RZTF01000412_1_Mesorhizobium_sp__M7A.F.Ca.MR.362.00.0.0_NODE_411_length_5518_cov_2.75325__whole_genome_shotgun_sequence	1	0
NZ_RZTF01000444_1_Mesorhizobium_sp__M7A.F.Ca.MR.362.00.0.0_NODE_443_length_4970_cov_3.23113__whole_genome_shotgun_sequence	1	0
NZ_RZTF01000450_1_Mesorhizobium_sp__M7A.F.Ca.MR.362.00.0.0_NODE_449_length_4868_cov_2.39996__whole_genome_shotgun_sequence	1	0
NZ_RZTF01000462_1_Mesorhizobium_sp__M7A.F.Ca.MR.362.00.0.0_NODE_461_length_4618_cov_2.88933__whole_genome_shotgun_sequence	1	0
NZ_RZTF01000497_1_Mesorhizobium_sp__M7A.F.Ca.MR.362.00.0.0_NODE_496_length_4088_cov_2.71212__whole_genome_shotgun_sequence	1	0
NZ_RZTF01000502_1_Mesorhizobium_sp__M7A.F.Ca.MR.362.00.0.0_NODE_501_length_4062_cov_4.70127__whole_genome_shotgun_sequence	1	0
NZ_RZTI01000019_1_Mesorhizobium_sp__M6A.T.Ce.TU.002.03.1.1_NODE_19_length_72883_cov_3.74747__whole_genome_shotgun_sequence_fragment_1	1	0
NZ_RZTI01000059_1_Mesorhizobium_sp__M6A.T.Ce.TU.002.03.1.1_NODE_59_length_35292_cov_4.27456__whole_genome_shotgun_sequence_fragment_1	1	0
NZ_RZTI01000234_1_Mesorhizobium_sp__M6A.T.Ce.TU.002.03.1.1_NODE_234_length_4204_cov_3.86338__whole_genome_shotgun_sequence	1	0
NZ_RZTJ01000005_1_Mesorhizobium_sp__M6A.T.Ce.TU.016.01.1.1_NODE_5_length_442171_cov_5.97135__whole_genome_shotgun_sequence_fragment_4	1	0
NZ_RZTO01000085_1_Mesorhizobium_sp__M2C.T.Ca.TU.002.02.1.1_NODE_85_length_12476_cov_3.91456__whole_genome_shotgun_sequence	1	0
NZ_RZTO01000215_1_Mesorhizobium_sp__M2C.T.Ca.TU.002.02.1.1_NODE_215_length_8166_cov_2.2514__whole_genome_shotgun_sequence	1	0
NZ_RZTO01000432_1_Mesorhizobium_sp__M2C.T.Ca.TU.002.02.1.1_NODE_432_length_5249_cov_2.33444__whole_genome_shotgun_sequence	1	0
NZ_RZTO01000442_1_Mesorhizobium_sp__M2C.T.Ca.TU.002.02.1.1_NODE_442_length_5169_cov_2.44347__whole_genome_shotgun_sequence	1	0
NZ_RZTR01000208_1_Mesorhizobium_sp__M7A.T.Ca.TU.009.02.1.1_NODE_207_length_8666_cov_2.99824__whole_genome_shotgun_sequence	1	0
NZ_RZTR01000571_1_Mesorhizobium_sp__M7A.T.Ca.TU.009.02.1.1_NODE_570_length_3841_cov_2.7329__whole_genome_shotgun_sequence	1	0
NZ_RZTR01000578_1_Mesorhizobium_sp__M7A.T.Ca.TU.009.02.1.1_NODE_577_length_3776_cov_2.84407__whole_genome_shotgun_sequence	1	0
NZ_RZTS01000037_1_Mesorhizobium_sp__M7A.T.Ca.US.000.02.1.1_NODE_37_length_29452_cov_3.18159__whole_genome_shotgun_sequence_fragment_1	1	1
NZ_RZTS01000039_1_Mesorhizobium_sp__M7A.T.Ca.US.000.02.1.1_NODE_39_length_28964_cov_4.20765__whole_genome_shotgun_sequence	1	1
NZ_RZTS01000048_1_Mesorhizobium_sp__M7A.T.Ca.US.000.02.1.1_NODE_48_length_27294_cov_4.0325__whole_genome_shotgun_sequence_fragment_1	1	0
NZ_RZTS01000178_1_Mesorhizobium_sp__M7A.T.Ca.US.000.02.1.1_NODE_178_length_12076_cov_2.87949__whole_genome_shotgun_sequence	1	0
NZ_RZTS01000314_1_Mesorhizobium_sp__M7A.T.Ca.US.000.02.1.1_NODE_314_length_6502_cov_2.0731__whole_genome_shotgun_sequence	1	0
NZ_RZTS01000382_1_Mesorhizobium_sp__M7A.T.Ca.US.000.02.1.1_NODE_382_length_5236_cov_2.54238__whole_genome_shotgun_sequence	1	0
NZ_RZTT01000265_1_Mesorhizobium_sp__M7A.T.Ca.US.000.02.2.1_NODE_265_length_8678_cov_2.67337__whole_genome_shotgun_sequence	1	0
NZ_RZTT01000288_1_Mesorhizobium_sp__M7A.T.Ca.US.000.02.2.1_NODE_288_length_7809_cov_2.91591__whole_genome_shotgun_sequence	1	0
NZ_RZTT01000424_1_Mesorhizobium_sp__M7A.T.Ca.US.000.02.2.1_NODE_424_length_5012_cov_2.26633__whole_genome_shotgun_sequence	1	0
NZ_RZTT01000484_1_Mesorhizobium_sp__M7A.T.Ca.US.000.02.2.1_NODE_484_length_4148_cov_3.71848__whole_genome_shotgun_sequence	1	0
NZ_RZTT01000514_1_Mesorhizobium_sp__M7A.T.Ca.US.000.02.2.1_NODE_514_length_3719_cov_2.80401__whole_genome_shotgun_sequence	1	0
NZ_RZTV01000002_1_Mesorhizobium_sp__M1A.T.Ca.IN.004.03.1.1_NODE_2_length_889125_cov_92.6278__whole_genome_shotgun_sequence_fragment_5	1	0
NZ_SADJ02000004_1_Mesorhizobium_sp__M2D.F.Ca.ET.153.01.1.1_NODE_4_length_510955_cov_17.9296__whole_genome_shotgun_sequence_fragment_3	1	1
NZ_SADK02000010_1_Mesorhizobium_sp__M2E.F.Ca.ET.154.01.1.1_NODE_10_length_81816_cov_95.9462__whole_genome_shotgun_sequence	1	0
NZ_SADM02000001_1_Mesorhizobium_sp__M2E.F.Ca.ET.166.01.1.1_NODE_1_length_2175095_cov_17.3373__whole_genome_shotgun_sequence_fragment_10	1	0
NZ_SADM02000001_1_Mesorhizobium_sp__M2E.F.Ca.ET.166.01.1.1_NODE_1_length_2175095_cov_17.3373__whole_genome_shotgun_sequence_fragment_2	1	0
NZ_SADM02000001_1_Mesorhizobium_sp__M2E.F.Ca.ET.166.01.1.1_NODE_1_length_2175095_cov_17.3373__whole_genome_shotgun_sequence_fragment_4	1	0
NZ_SADS02000004_1_Mesorhizobium_sp__M00.F.Ca.ET.217.01.1.1_NODE_4_length_505293_cov_24.9521__whole_genome_shotgun_sequence_fragment_1	1	0
NZ_SADS02000006_1_Mesorhizobium_sp__M00.F.Ca.ET.217.01.1.1_NODE_6_length_376492_cov_23.945__whole_genome_shotgun_sequence_fragment_1	1	6
NZ_SADS02000007_1_Mesorhizobium_sp__M00.F.Ca.ET.217.01.1.1_NODE_7_length_320837_cov_23.947__whole_genome_shotgun_sequence_fragment_7	1	0
NZ_SADS02000009_1_Mesorhizobium_sp__M00.F.Ca.ET.217.01.1.1_NODE_9_length_266751_cov_22.225__whole_genome_shotgun_sequence_fragment_3	1	0
NZ_SADS02000009_1_Mesorhizobium_sp__M00.F.Ca.ET.217.01.1.1_NODE_9_length_266751_cov_22.225__whole_genome_shotgun_sequence_fragment_5	1	0
NZ_SADU02000006_1_Mesorhizobium_sp__M00.F.Ca.ET.220.01.1.1_NODE_6_length_423800_cov_3.31433__whole_genome_shotgun_sequence_fragment_1	1	0
NZ_SADU02000009_1_Mesorhizobium_sp__M00.F.Ca.ET.220.01.1.1_NODE_9_length_384776_cov_21.332__whole_genome_shotgun_sequence_fragment_4	1	1
NZ_SADU02000018_1_Mesorhizobium_sp__M00.F.Ca.ET.220.01.1.1_NODE_18_length_203997_cov_20.4128__whole_genome_shotgun_sequence_fragment_1	1	0
NZ_SADU02000152_1_Mesorhizobium_sp__M00.F.Ca.ET.220.01.1.1_NODE_152_length_5485_cov_4.33632__whole_genome_shotgun_sequence	1	0
NZ_SADU02000156_1_Mesorhizobium_sp__M00.F.Ca.ET.220.01.1.1_NODE_156_length_5100_cov_8.20386__whole_genome_shotgun_sequence	1	0
NZ_SRSQ01000002_1_Mesorhizobium_sp__M8A.F.Ca.ET.142.01.1.1_NODE_2_length_759813_cov_19.3203__whole_genome_shotgun_sequence_fragment_7	1	0
NZ_SRSR01000004_1_Mesorhizobium_sp__M4B.F.Ca.ET.143.01.1.1_NODE_4_length_551688_cov_23.4296__whole_genome_shotgun_sequence_fragment_6	1	0
NZ_SRTH01000003_1_Mesorhizobium_sp__M8A.F.Ca.ET.165.01.1.1_NODE_3_length_798908_cov_15.2807__whole_genome_shotgun_sequence_fragment_10	1	0
NZ_SRTH01000003_1_Mesorhizobium_sp__M8A.F.Ca.ET.165.01.1.1_NODE_3_length_798908_cov_15.2807__whole_genome_shotgun_sequence_fragment_7	1	0
NZ_SRTH01000016_1_Mesorhizobium_sp__M8A.F.Ca.ET.165.01.1.1_NODE_16_length_173159_cov_17.6457__whole_genome_shotgun_sequence_fragment_1	1	1
NZ_SRTH01000033_1_Mesorhizobium_sp__M8A.F.Ca.ET.165.01.1.1_NODE_33_length_10674_cov_18.6992__whole_genome_shotgun_sequence	1	0
NZ_SRTH01000034_1_Mesorhizobium_sp__M8A.F.Ca.ET.165.01.1.1_NODE_34_length_10384_cov_15.199__whole_genome_shotgun_sequence	1	0
NZ_SRTI01000001_1_Mesorhizobium_sp__M8A.F.Ca.ET.167.01.1.1_NODE_1_length_2053035_cov_16.4828__whole_genome_shotgun_sequence_fragment_15	1	1
NZ_SRTK01000002_1_Mesorhizobium_sp__M4B.F.Ca.ET.169.01.1.1_NODE_2_length_635967_cov_15.5589__whole_genome_shotgun_sequence_fragment_4	1	0
NZ_SRTM01000008_1_Mesorhizobium_sp__M4B.F.Ca.ET.172.01.1.1_NODE_8_length_250810_cov_13.6237__whole_genome_shotgun_sequence_fragment_3	1	1
NZ_SRTO01000006_1_Mesorhizobium_sp__M3A.F.Ca.ET.174.01.1.1_NODE_6_length_424267_cov_21.9584__whole_genome_shotgun_sequence_fragment_4	1	0
NZ_SRTP01000011_1_Mesorhizobium_sp__M3A.F.Ca.ET.175.01.1.1_NODE_11_length_220827_cov_20.5814__whole_genome_shotgun_sequence_fragment_1	1	0
NZ_SRTS01000007_1_Mesorhizobium_sp__M2D.F.Ca.ET.178.01.1.1_NODE_7_length_368134_cov_19.521__whole_genome_shotgun_sequence_fragment_1	1	0
NZ_SRTV01000002_1_Mesorhizobium_sp__M8A.F.Ca.ET.181.01.1.1_NODE_2_length_880385_cov_19.0895__whole_genome_shotgun_sequence_fragment_6	1	0
NZ_SRTW01000001_1_Mesorhizobium_sp__M8A.F.Ca.ET.182.01.1.1_NODE_1_length_1625586_cov_23.5148__whole_genome_shotgun_sequence_fragment_2	1	1
NZ_SRUC01000002_1_Mesorhizobium_sp__M4B.F.Ca.ET.190.01.1.1_NODE_2_length_601692_cov_17.8019__whole_genome_shotgun_sequence_fragment_9	1	0
NZ_SRUM01000002_1_Mesorhizobium_sp__M3A.F.Ca.ET.201.01.1.1_NODE_2_length_773643_cov_25.1752__whole_genome_shotgun_sequence_fragment_1	1	0
NZ_SRUM01000004_1_Mesorhizobium_sp__M3A.F.Ca.ET.201.01.1.1_NODE_4_length_558604_cov_23.6619__whole_genome_shotgun_sequence_fragment_2	1	1
NZ_SRUO01000005_1_Mesorhizobium_sp__M4B.F.Ca.ET.203.01.1.1_NODE_5_length_501054_cov_19.6479__whole_genome_shotgun_sequence_fragment_2	1	0
NZ_SRUO01000019_1_Mesorhizobium_sp__M4B.F.Ca.ET.203.01.1.1_NODE_19_length_129656_cov_19.8574__whole_genome_shotgun_sequence_fragment_1	1	0
NZ_SRUU01000009_1_Mesorhizobium_sp__M1C.F.Ca.ET.210.01.1.1_NODE_9_length_221169_cov_20.712__whole_genome_shotgun_sequence_fragment_2	1	0
NZ_SRUV01000002_1_Mesorhizobium_sp__M4B.F.Ca.ET.211.01.1.1_NODE_2_length_667406_cov_33.7772__whole_genome_shotgun_sequence_fragment_11	1	1
NZ_SRUW01000001_1_Mesorhizobium_sp__M8A.F.Ca.ET.213.01.1.1_NODE_1_length_1314706_cov_23.9787__whole_genome_shotgun_sequence_fragment_4	1	0
NZ_SRUZ01000008_1_Mesorhizobium_sp__M8A.F.Ca.ET.218.01.1.1_NODE_8_length_386473_cov_18.4867__whole_genome_shotgun_sequence_fragment_2	1	0
NZ_SRVC01000027_1_Mesorhizobium_sp__M2D.F.Ca.ET.223.01.1.1_NODE_27_length_24794_cov_1.54324__whole_genome_shotgun_sequence	1	1
NZ_SRVC01000028_1_Mesorhizobium_sp__M2D.F.Ca.ET.223.01.1.1_NODE_28_length_19196_cov_1.42761__whole_genome_shotgun_sequence	1	0
NZ_SRVC01000031_1_Mesorhizobium_sp__M2D.F.Ca.ET.223.01.1.1_NODE_31_length_12755_cov_1.41551__whole_genome_shotgun_sequence	1	0
NZ_SRVC01000033_1_Mesorhizobium_sp__M2D.F.Ca.ET.223.01.1.1_NODE_33_length_11850_cov_1.44613__whole_genome_shotgun_sequence	1	0
NZ_SRVC01000034_1_Mesorhizobium_sp__M2D.F.Ca.ET.223.01.1.1_NODE_34_length_11572_cov_1.36706__whole_genome_shotgun_sequence	1	1
NZ_SRVC01000043_1_Mesorhizobium_sp__M2D.F.Ca.ET.223.01.1.1_NODE_43_length_9201_cov_1.54__whole_genome_shotgun_sequence	1	0
NZ_SRVC01000047_1_Mesorhizobium_sp__M2D.F.Ca.ET.223.01.1.1_NODE_47_length_7775_cov_2.108__whole_genome_shotgun_sequence	1	1
NZ_SRVC01000050_1_Mesorhizobium_sp__M2D.F.Ca.ET.223.01.1.1_NODE_50_length_6107_cov_1.33963__whole_genome_shotgun_sequence	1	0
NZ_SRVC01000056_1_Mesorhizobium_sp__M2D.F.Ca.ET.223.01.1.1_NODE_56_length_5403_cov_1.45262__whole_genome_shotgun_sequence	1	0
NZ_SRVC01000059_1_Mesorhizobium_sp__M2D.F.Ca.ET.223.01.1.1_NODE_59_length_4721_cov_1.39421__whole_genome_shotgun_sequence	1	0
NZ_SRVC01000069_1_Mesorhizobium_sp__M2D.F.Ca.ET.223.01.1.1_NODE_69_length_2979_cov_1.34432__whole_genome_shotgun_sequence	1	0
NZ_SRVC01000072_1_Mesorhizobium_sp__M2D.F.Ca.ET.223.01.1.1_NODE_72_length_2786_cov_1.35239__whole_genome_shotgun_sequence	1	0
NZ_SRVC01000074_1_Mesorhizobium_sp__M2D.F.Ca.ET.223.01.1.1_NODE_74_length_2651_cov_1.15095__whole_genome_shotgun_sequence	1	0
NZ_SRVE01000001_1_Mesorhizobium_sp__M2D.F.Ca.ET.225.01.1.1_NODE_1_length_762683_cov_16.5697__whole_genome_shotgun_sequence_fragment_10	1	1
NZ_SRVK01000020_1_Mesorhizobium_sp__M1D.F.Ca.ET.234.01.1.1_NODE_20_length_62611_cov_118.691__whole_genome_shotgun_sequence	1	0
